Workbook

Sheet Customers
A1: customer_id | B1: age | C1: gender | D1: city | E1: signup_date | F1: customer_segment
A2: 1001 | B2: 42 | C2: Female | D2: Mumbai | E2: 44382 | F2: Enterprise
A3: 1002 | B3: 29 | C3: Female | D3: Mumbai | E3: 44266 | F3: Regular
A4: 1003 | B4: 24 | C4: Female | D4: Bangalore | E4: 44346 | F4: Premium
A5: 1004 | B5: 56 | C5: Male | D5: Hyderabad | E5: 44442 | F5: Enterprise
A6: 1005 | B6: 34 | C6: Male | D6: Mumbai | E6: 44970 | F6: Premium
A7: 1006 | B7: 62 | C7: Male | D7: Bangalore | E7: 44734 | F7: Regular
A8: 1007 | B8: 28 | C8: Female | D8: Delhi | E8: 44848 | F8: Enterprise
A9: 1008 | B9: 23 | C9: Male | D9: Bangalore | E9: 44295 | F9: Premium
A10: 1009 | B10: 40 | C10: Female | D10: Bangalore | E10: 44474 | F10: Enterprise
A11: 1010 | B11: 44 | C11: Female | D11: Chennai | E11: 44759 | F11: Regular
A12: 1011 | B12: 63 | C12: Male | D12: Mumbai | E12: 44859 | F12: Enterprise
A13: 1012 | B13: 23 | C13: Male | D13: Hyderabad | E13: 44651 | F13: Regular
... A201: 1200 | B201: 60 | C201: Male | D201: Chennai | E201: 44962 | F201: Regular

Sheet Orders
A1: order_id | B1: customer_id | C1: order_date | D1: order_value
A2: 8001 | B2: 1138 | C2: 45259 | D2: 26516
A3: 8002 | B3: 1171 | C3: 44927 | D3: 12436
A4: 8003 | B4: 1015 | C4: 45059 | D4: 11536
A5: 8004 | B5: 1048 | C5: 45006 | D5: 39736
A6: 8005 | B6: 1086 | C6: 45197 | D6: 14521
A7: 8006 | B7: 1149 | C7: 45167 | D7: 37443
A8: 8007 | B8: 1188 | C8: 44954 | D8: 50516
A9: 8008 | B9: 1116 | C9: 45149 | D9: 23744
A10: 8009 | B10: 1050 | C10: 44949 | D10: 63527
A11: 8010 | B11: 1151 | C11: 45035 | D11: 39485
A12: 8011 | B12: 1141 | C12: 45033 | D12: 2002
A13: 8012 | B13: 1069 | C13: 45071 | D13: 54336
... A1001: 9000 | B1001: 1065 | C1001: 45284 | D1001: 6833

Sheet interaction
A1: interaction_id | B1: customer_id | C1: interaction_date | D1: interaction_type | E1: issue_resolved
A2: 1 | B2: 1128 | C2: 45279 | D2: Email | E2: Yes
A3: 2 | B3: 1086 | C3: 45056 | D3: Chat | E3: Yes
A4: 3 | B4: 1047 | C4: 45082 | D4: Email | E4: Yes
A5: 4 | B5: 1005 | C5: 45000 | D5: Email | E5: No
A6: 5 | B6: 1001 | C6: 45268 | D6: Call | E6: No
A7: 6 | B7: 1044 | C7: 45016 | D7: Call | E7: Yes
A8: 7 | B8: 1150 | C8: 44993 | D8: Call | E8: No
A9: 8 | B9: 1038 | C9: 45162 | D9: Email | E9: No
A10: 9 | B10: 1019 | C10: 45126 | D10: Call | E10: Yes
A11: 10 | B11: 1159 | C11: 45258 | D11: Call | E11: No
A12: 11 | B12: 1115 | C12: 45153 | D12: Call | E12: No
A13: 12 | B13: 1195 | C13: 45274 | D13: Chat | E13: No
... A601: 600 | B601: 1040 | C601: 45093 | D601: Call | E601: No

Sheet KPI Summary
A1: KPI | B1: VALUE
A2: Total Customers | B2: =COUNTA('Customers'!A:A) -> 201
A3: Customers with Orders | B3: =COUNTA(Orders_pivot!A:A) - 1 -> 199
A4: Repeat Customers | B4: =COUNTIF(Orders_pivot!D:D,"Repeat") -> 196
A5: One-time Customers | B5: =COUNTIF(Orders_pivot!D:D,"One-Time") -> 3
A6: Retention Rate (%) | B6: =B4 / B3 -> 0.98492462
A7: Avg Order Value | B7: =AVERAGE( Orders[], Orders!D:D) -> 27248.51
A8: Avg Customer Lifetime Value | B8: =AVERAGE(Orders_pivot!C:C) -> 409698.35

Sheet Orders_pivot
A3: Row Labels | B3: Count of order_id | C3: Sum of order_value | D3: Customer_type
A4: 1001 | B4: 3 | C4: 120137 | D4: =IF(B4>1,"Repeat","One-Time") -> Repeat
A5: 1002 | B5: 6 | C5: 289153 | D5: =IF(B5>1,"Repeat","One-Time") -> Repeat
A6: 1003 | B6: 2 | C6: 108307 | D6: =IF(B6>1,"Repeat","One-Time") -> Repeat
A7: 1004 | B7: 2 | C7: 13816 | D7: =IF(B7>1,"Repeat","One-Time") -> Repeat
A8: 1005 | B8: 1 | C8: 39884 | D8: =IF(B8>1,"Repeat","One-Time") -> One-Time
A9: 1006 | B9: 9 | C9: 312011 | D9: =IF(B9>1,"Repeat","One-Time") -> Repeat
A10: 1007 | B10: 5 | C10: 133500 | D10: =IF(B10>1,"Repeat","One-Time") -> Repeat
A11: 1008 | B11: 5 | C11: 287167 | D11: =IF(B11>1,"Repeat","One-Time") -> Repeat
A12: 1009 | B12: 4 | C12: 162105 | D12: =IF(B12>1,"Repeat","One-Time") -> Repeat
A13: 1010 | B13: 6 | C13: 231237 | D13: =IF(B13>1,"Repeat","One-Time") -> Repeat
A14: 1011 | B14: 4 | C14: 127767 | D14: =IF(B14>1,"Repeat","One-Time") -> Repeat
A15: 1012 | B15: 6 | C15: 245115 | D15: =IF(B15>1,"Repeat","One-Time") -> Repeat
... A201: 1200 | B201: 7 | C201: 273900 | D201: =IF(B201>1,"Repeat","One-Time") -> Repeat
A202: Grand Total | B202: 1000 | C202: 40764986 | D202: =IF(B202>1,"Repeat","One-Time") -> Repeat
